"","110_RNA-m110_ROF_24H_PLASMA_CTCAGA_S44_L004","115_RNA-m115_PF_24H_PLASMA_TCATTC_S49_L004","113_RNA-m113_PF_24H_PLASMA_TACAGC_S47_L004","81_RNA-m81_PS_24H_PLASMA_GGTAGC_S57_L004","106_RNA-m106_Sal_24H_PLASMA_CCAACA_S40_L004","74_RNA-m74_ROS_24H_PLASMA_GTGGCC_S53_L004","109_RNA-m109_ROF_24H_PLASMA_CTATAC_S43_L004","82_RNA-m82_PS_24H_PLASMA_CAGGCG_S58_L004","75_RNA-m75_ROS_24H_PLASMA_GTTTCG_S54_L004","112_RNA-m112_ROF_24H_PLASMA_TAATCG_S46_L004","111_RNA-m111_ROF_24H_PLASMA_GACGAC_S45_L004","118_RNA-m118_PF_24H_PLASMA_TCGGCA_S52_L004","76_RNA-m76_ROS_24H_PLASMA_CGTACG_S55_L004","80_RNA-m80_PS_24H_PLASMA_GAGTGG_S56_L004","107_RNA-m107_ROF_24H_PLASMA_CGGAAT_S41_L004","104_RNA-m104_Sal_24H_PLASMA_CATGGC_S38_L004","114_RNA-m114_PF_24H_PLASMA_TATAAT_S48_L004","116_RNA-m116_PF_24H_PLASMA_TCCCGA_S50_L004","108_RNA-m108_ROF_24H_PLASMA_CTAGCT_S42_L004","117_RNA-m117_PF_24H_PLASMA_TCGAAG_S51_L004","PEAT_SM1-24hr_mouse_plasma_CAAAAG_S4_L002","PEAT_SM2-24hr_mouse_plasma_CAACTA_S5_L002","SALINE_SM2-24hr_mouse_plasma_CACTCA_S11_L002","PEAT_SM3-24hr_mouse_plasma_CACCGG_S6_L002","SALINE_SM3-24hr_mouse_plasma_CAGGCG_S12_L002","RED_OAK_SM2-24hr_mouse_plasma_ATGAGC_S8_L002","SALINE_SM1-24hr_mouse_plasma_CACGAT_S10_L002","RED_OAK_SM1-24hr_mouse_plasma_ACTGAT_S7_L002","RED_OAK_SM3-24hr_mouse_plasma_ATTCCT_S9_L002"
"mmu-let-7a-1_mature",4.49729980404416,3.65910224804052,4.83034764603984,9.29358634200006,9.12222135563288,9.9497134700587,6.34281204348035,9.92679674149364,8.07645869029697,9.12222135563288,9.82309239895875,11.1106046656209,8.53354348769699,10.5888682156095,10.3050748563225,8.81512475642248,8.1254207332674,9.31136071827731,9.88054576770261,14.0752580491474,8.97381108406744,9.55417232884978,9.12408428521926,9.04578891088478,8.77537497812791,8.89291847641799,8.50892425845718,8.13970492939161,9.27979539341242
"mmu-let-7a-2_mature",2.90217623649245,5.57080261401937,4.52104171480214,9.36509089205861,9.18598398433622,9.71405843730561,5.82017556314775,9.92965576935527,8.05716558844664,8.72723708478249,9.7471496598102,11.1182780476487,8.23188887704281,10.6176469676393,10.3032002735481,8.80416141450798,8.1254207332674,8.90562405555576,10.0017286310674,14.0824943822672,8.95257064601953,9.50693744922553,9.1116233508558,9.11886901096771,8.85289363673196,0.222120676728912,8.59037128678892,8.14145275057103,0.118363501921814
"mmu-let-7b_mature",9.28228008716275,11.3285898006809,11.50985957432,10.8652069316427,10.1962481180148,10.6630798838482,11.926354314195,10.376473297329,9.49055106594085,10.7014192910173,3.36314432967352,10.1986430859054,11.6869513770909,5.47392142501224,8.58101568371775,9.84006482295031,15.3336273859588,10.0634149832673,10.5297645813095,14.1361368375927,9.33957811784327,0.147157014273448,3.81321348448196,3.98679158020884,9.08598172773376,9.28888660345181,9.07886432056817,9.62224639483033,0.227748076367745
"mmu-let-7c-1_mature",9.00159684774572,6.72376574030491,2.6982104987439,10.1535129247961,9.55008195714302,8.88788824468033,6.10503206045661,9.12116192496936,10.1549213282646,7.86087736570771,3.80794557613935,8.71583727955558,12.1753718443951,13.0002331925184,9.71364292625538,9.08071756574282,8.80155397590702,8.01511546177276,10.3273556687491,6.45611221474309,9.16236258585157,9.82274938368384,8.98897253733037,9.27759337088348,8.96899079197199,8.63834642148044,8.50687915237471,8.54523444104755,9.1151617490667
"mmu-let-7c-2_mature",9.16782914173823,6.14561193892842,5.48927679967826,10.1564227494503,9.52958303865258,8.994732607116,6.54689103638297,9.1183801938406,10.1609587496714,7.84339498466421,4.14744156710842,8.51124696560468,12.2482660520446,13.0622637396786,9.6865751490639,9.1183801938406,8.60937072061639,8.13622672147996,10.3742831833619,7.54685741495368,9.19216699881989,9.84768016169913,8.94031379639286,9.28193926771101,8.89761669478004,8.64675863354503,8.51504223966953,8.49280002687712,9.07020234456189
"mmu-let-7d_mature",9.83612927475577,5.16584733517173,3.58254735746473,7.43723370629909,7.78024256832698,8.36373320595981,4.99246297550644,8.02680109624129,8.77237869723783,0.951089096519864,1.51498665607667,2.12736451150837,4.95251578897181,4.29417362545377,8.41040100568581,8.4163533881046,5.8240112111539,7.82101025701293,4.75273189221204,5.97724327058082,8.59187194605251,9.79092385749111,9.72872886043614,8.6831712451412,9.27621196054726,9.48526946921663,8.0111318577984,9.03012362100551,8.91300601604298
"mmu-let-7e_mature",0,0,0,7.14076904393653,4.97590342116438,0,0,5.65371147933261,1.13439098081587,0,0,0,0,11.026743976958,0,0.423293952626673,0,6.74407387555937,3.01434009686776,0,1.01166967753913,0.935665928821246,4.26231859127187,4.73276509394978,1.59248319936118,6.39615036929527,2.49678700445852,0.118321737653145,5.68260625758507
"mmu-let-7f-1_mature",8.76440931778622,13.0871864276664,12.5576983685037,9.25175085634367,9.50179004813021,10.2953547998141,11.907951232,9.98119355353222,8.17521196099482,10.1755052710821,9.76266138405369,4.15752316588432,10.4297622899663,9.86410245324342,9.0295326353417,9.42716062165434,13.7291606521559,9.06285410023718,8.48121705559288,5.97724327058082,8.98297847663911,9.38745884245829,8.94162415788563,9.15280119281407,9.16690826349277,8.88582907134169,9.27667345801694,8.67489370905237,8.86381132645867
"mmu-let-7f-2_mature",8.58951967296191,13.055995429721,12.5940211911099,9.22168997935942,9.50078747024698,10.266421466424,11.7872869670231,10.0867594256839,8.38059927021908,10.0965367765575,9.80222825891072,4.51725734484257,10.398076672974,9.54256131791946,9.03406074819126,9.41351925393635,13.8482634450523,8.85799263632665,8.48121705559288,6.45611221474309,9.02752933571694,9.36001953063066,8.99023945945607,9.26886210490816,9.18977356509413,8.85089040298676,9.49047739429926,8.67308230182596,8.93030321361826
"mmu-let-7g_mature",11.8117440356842,6.8744032293889,5.48927679967826,11.3754866218413,11.1844373111043,10.2505368180457,13.661459199033,11.1244489690114,11.3300160528983,10.2514797137633,10.9209886062697,11.3482110269164,12.2482660520446,11.3791104777217,10.1087073445906,11.1314213693265,14.4743374875063,10.5980613125796,11.1789711214081,14.3855151288374,11.2187027392068,12.0677956699483,11.3791104777217,10.5317972898737,10.709289002031,11.1550233180934,10.9208683914009,10.6465504114108,11.18134897227
"mmu-let-7i_mature",9.18932514251032,4.60084032826016,11.2550486554715,9.83059041162513,10.3718400607371,10.4156191239844,12.7552666506842,9.34532698422779,9.51903388798224,6.3773524876169,8.74258304010916,10.8233174414464,5.35585781240189,0,7.8619228051641,9.63756651386444,14.7172338702409,9.00836316233303,10.4492551464839,13.9417990082015,9.17392884261339,10.3022591000941,9.94228531847107,7.66687445636511,8.16829325395407,9.30302139268801,5.487439723133,8.85478428653926,9.15919387843496
"mmu-mir-100_mature",0,3.65910224804052,0,0.20577175415506,0,6.47030040892135,0,5.4374484831509,7.90000024496592,0,7.72075514702623,0,3.45785300274864,0,8.47843038115007,0,0,0,3.38403412549453,0,7.0273946160775,7.51287392390389,6.56933198693456,8.01618751435671,7.54950275212198,6.82041880494779,7.41594343811555,6.20764143488362,6.26701184067823
"mmu-mir-101a_mature",1.65924443129039,0,3.58254735746473,6.09704980426547,8.85905279325938,8.62751418581772,2.8412992763285,7.25567328293621,10.1397163041765,1.51937240155951,8.49019559451201,9.14726406078612,0,2.84925996175026,8.60860049363375,6.59718860216882,5.8240112111539,6.49509641260224,8.2208930373097,0,8.49078612718552,9.13685330242054,9.11453086183139,8.67129356471441,7.76387376090157,8.55396904280582,8.42260258740837,8.25519224260325,8.56803620067802
"mmu-mir-101b_mature",0,0,0,4.96350724965525,8.7272471529671,8.50432567505035,0,7.11241880125535,2.53132778248423,1.51937240155951,1.51498665607667,9.26649712525233,4.39066359160207,4.29417362545377,1.40206705547773,7.00976897531737,0,6.40154346666616,8.49071326933561,6.45611221474309,9.76222035006881,8.77621324271443,9.23991745799361,7.84973733072227,8.40498098772769,8.43133989982482,9.12359473781692,8.4312610642824,8.63720700683562
"mmu-mir-106b_mature",1.65924443129039,3.65910224804052,2.6982104987439,4.57544341415312,5.99328135094642,7.83876406606906,2.8412992763285,6.11761646168,1.13439098081587,0,9.75957235296939,8.07967078620568,0,2.84925996175026,1.40206705547773,7.39595413140165,5.8240112111539,5.91810880377573,3.01434009686776,3.74412663091143,8.41978207215468,8.49266701322054,7.66686733300808,7.08810679567626,6.16536436306928,6.88888369165708,6.30232874188799,6.35501557691864,7.26965590445437
"mmu-mir-10a_mature",3.80230323278071,5.16584733517173,0,5.16804480218841,9.6986901297188,9.39516285153678,11.7771833499978,8.59918416259977,1.13439098081587,1.51937240155951,3.60261972069584,9.13866616591835,10.2755522277825,11.9694850350685,9.459673921101,10.4139041722027,7.39189523083377,7.34353351345476,5.72572414175153,3.74412663091143,9.24646630208963,10.2405934670507,3.08356515930494,9.03930028992727,9.05168702793732,9.48292226435383,9.22535866726441,9.16060499497866,9.28652707586935
"mmu-mir-10b_mature",1.65924443129039,3.65910224804052,0,8.94395012629028,9.32048071652222,7.40013729119901,4.28539893580921,7.81314989225027,9.15164548952128,8.85195451427005,1.51498665607667,8.24900313808653,3.45785300274864,10.9743021680457,9.16575388622391,8.98687706890973,0,8.92256194946783,10.9225076060296,5.25546446403432,8.72682782665602,8.87091602440747,8.24787342692179,8.92353813458361,9.02216120718947,4.58313856651323,8.48418954233852,0.118321737653145,9.72382655772629
"mmu-mir-1198_mature",0,0,2.6982104987439,6.19388553257085,5.95279759563489,0,0,2.88058694207204,0,0,0,0,0,0,0,0.423293952626673,0,0,0,0,1.63722024265795,4.74845097510355,5.40228779337803,3.44110894037545,0,4.20765302225538,0,3.17541493770307,4.94274854064272
"mmu-mir-122_mature",13.0475804300648,4.60084032826016,2.6982104987439,0.385824454414774,4.92897135401619,1.23186213403363,4.28539893580921,11.1833075663382,1.76150547019244,1.51937240155951,8.38186809537352,8.19197013636386,16.2212658387353,2.84925996175026,8.86136890025896,10.527579183508,5.8240112111539,1.27256885494026,4.62056977296887,5.25546446403432,7.32758279646854,4.08749506921075,0.152635159847728,4.69849701722722,6.71928496880271,4.97543709592135,8.89873950097233,8.70031393535786,4.74073089833516
"mmu-mir-1249_mature",0,0,0,0,0,0,2.8412992763285,3.9689935024519,0,0,1.51498665607667,1.42470337373461,0,0,0,0,0,5.44219401886544,9.042408155795,0,0,4.58701110029305,0,5.88371010622713,4.09806893891128,3.36751482058008,4.71619362854273,0,1.39207227054113
"mmu-mir-125a_mature",3.55980420301388,5.57080261401937,10.4578228657191,7.51062652861874,8.83300027211232,7.52687579844385,5.82017556314775,8.58017105113608,10.5880568226312,1.92599742976751,2.2375403738824,2.12736451150837,5.35585781240189,3.74551836429125,7.58168836920647,7.3783218195564,7.8047836342437,7.18411350015335,10.0116572077152,5.25546446403432,0.209572032692,4.14554564280134,7.76856899551986,0.169700645193512,7.07607500457116,8.33943607820168,7.95223069846322,7.33170490370384,0.118363501921814
"mmu-mir-125b-1_mature",2.41061823936575,3.65910224804052,3.58254735746473,6.19086115953972,6.48201030569456,7.65307344749262,4.99246297550644,6.73926182287488,8.77631686717051,9.40442930403541,1.51498665607667,7.69014009411541,3.45785300274864,2.84925996175026,7.27241299553331,7.38716491260687,0,6.35238909522484,3.67805591753491,3.74412663091143,7.02393240711893,8.17977626450162,8.05007118094878,8.55783993585868,7.83776544501265,7.26176954562354,5.41948597154819,0.118321737653145,0.118363501921814
"mmu-mir-125b-2_mature",2.90217623649245,3.65910224804052,2.6982104987439,6.11311479281867,6.46154452659165,7.59890131159,2.8412992763285,6.74022716961996,8.99823916428325,9.40044984519928,2.2375403738824,7.61774503722098,3.45785300274864,4.29417362545377,7.31768543953441,7.36047134020103,0,6.2487515180655,4.62056977296887,0,7.05649268275157,8.18989184272429,3.40564240299964,8.58388624817543,7.79184625445442,7.31401297238802,8.85117056947157,6.18409219467496,7.13835012105418
"mmu-mir-126a_mature",9.81554170504016,0,0,0.385824454414774,6.15496347597103,8.57490854061935,2.8412992763285,3.83082035258888,6.4439153830549,1.51937240155951,1.51498665607667,1.42470337373461,0,0,0.865047648227701,6.16156644796135,5.8240112111539,1.27256885494026,2.5160008364529,0,3.15306402913427,0.669587442928405,4.06482420886062,0.321524228515288,1.08394316042292,4.70782774342986,2.35846378309717,3.48169917817439,4.1364827158386
"mmu-mir-128-1_mature",8.67581067692487,4.60084032826016,11.6070064160264,9.28332939268444,10.3374355114055,6.82802737661438,4.68182071428361,7.54855347867714,8.79196291779198,7.31045862759458,9.04112030487197,9.90111461091781,0,0,8.0071772458854,10.1841569992859,5.8240112111539,9.72019052829342,11.3134779545415,11.0507637316046,8.47248714698004,8.70263685705708,8.59957930495146,6.668655632256,8.12496804795068,9.78273371687554,7.73879728710823,9.0065822868699,9.90599065294046
"mmu-mir-128-2_mature",8.01045966008697,0,11.3184486464635,8.46032265139408,9.43827392674426,6.91121105769844,2.8412992763285,6.98790317232641,8.77631686717051,7.26740826730692,8.95191950923805,8.79457167576732,3.45785300274864,3.74551836429125,8.14751805381701,9.67956432662429,6.81122134149359,9.27555242388919,8.66019257375495,11.1004937128895,7.61615821261464,7.98318075670206,7.95983264148652,6.02591651949671,7.80056817074588,9.03975947754091,6.85248157195236,8.39068745797664,8.77536674338319
"mmu-mir-1306_mature",0,0,0,5.31972611554808,7.36353557028101,0,2.8412992763285,4.62887378746906,1.13439098081587,0.951089096519864,0,0,0,0,0,7.80957968565917,0,6.87165781087652,0,0,6.47355886250535,6.51441035090839,6.63560127541119,4.12737808486413,5.57919709553193,5.75301948303917,0.600298303400595,3.17541493770307,6.64895864394661
"mmu-mir-130b_mature",0,0,0,0,4.38498987663192,0,0,4.35913861984237,0,0,0,0,0,0,0,0.423293952626673,0,0,0,0,4.31598337822735,0.147157014273448,0.532458652238635,0.321524228515288,0.291561607995924,3.14127025846482,0.600298303400595,4.43286667306296,2.3756342450456
"mmu-mir-133a-1_mature",0,0,0,0,0.324024650869716,0,0,5.45401820314531,0,0.951089096519864,0,0,0,0,3.44052674801959,0.423293952626673,0,1.27256885494026,1.74844905200851,3.74412663091143,4.38237875020917,3.04413077072576,4.19358977101102,6.63462447740151,0,3.08578359983039,5.34817256771199,0,5.72286822067848
"mmu-mir-133a-2_mature",0,0,0,0,0.588455069957633,0,2.8412992763285,5.48429457702122,0,0,0,0,0,0,2.75484448867669,0,5.8240112111539,0,2.5160008364529,3.74412663091143,4.60261254848674,2.99639443043938,3.96526155171178,6.56595692284461,0.291561607995924,2.90524122444086,5.91512527886048,0,5.83516271415236
"mmu-mir-139_mature",0,0,0,0,6.42395820210346,7.53214144308676,0,3.62880633311391,8.54658861616823,0,1.51498665607667,0,0,0,0,0,0,1.27256885494026,2.5160008364529,0,6.37780666676117,6.05305756764572,2.56323442261798,2.67072200119352,0.533990680655973,3.75312528457539,4.50291993628042,4.28257518595583,4.4727934727381
"mmu-mir-140_mature",1.65924443129039,3.65910224804052,0,7.80771588897613,7.53199620461171,7.40588547919022,4.99246297550644,3.49794604550906,2.53132778248423,0.951089096519864,8.72368598911101,1.42470337373461,3.45785300274864,2.84925996175026,7.36158033172478,8.91837395758802,5.8240112111539,8.99240867204777,4.31322938168462,4.68926336002084,9.04172244792521,4.18014175729036,9.66807856400067,7.72930808232816,9.42417256064271,2.80572368609854,9.33432127239008,8.36099139609954,1.48313713526942
"mmu-mir-142a_mature",9.16240472101572,12.7858831831453,4.83034764603984,0.20577175415506,5.04355740573703,7.85566343637095,11.9490328831801,7.12799173466357,9.13640571789278,10.0977660968107,9.44269002793958,2.12736451150837,4.95251578897181,9.01157228058342,7.5184624396858,8.6226251920694,14.0651877794118,9.4838890448722,10.7748685383788,0,9.37142777362916,10.2553717673994,9.55276560766386,4.47380383567502,9.16522087765153,5.56799241541052,7.68192624520444,4.0342910145232,9.25457104399106
"mmu-mir-143_mature",9.88634842698393,4.60084032826016,3.58254735746473,6.98885702678393,9.14934568859124,7.26751137595951,12.6034297091978,6.91539837409996,8.72017950712308,8.77104652788882,1.51498665607667,9.8960220842808,11.7593995779158,5.00142085937267,2.35247580761679,3.02869319922369,0,6.6041028251411,4.87379644738645,11.4719427459356,8.75529367140341,7.89806223207131,7.14581494730187,7.90638057308849,8.61568783486033,8.42716020731226,8.41171325007157,6.43272471871142,8.64616366266517
"mmu-mir-144_mature",8.69096014068972,3.65910224804052,0,7.43212013211223,6.9876497094951,6.88675565260619,2.8412992763285,3.57787755081025,1.13439098081587,9.87641192793978,1.51498665607667,9.09489087231095,4.39066359160207,2.84925996175026,9.39601913836214,7.45321910072117,0,8.31362971620547,10.4072504345501,3.74412663091143,6.78304912502912,5.74899184635955,6.48377102432875,5.69498603829622,5.07462547619168,6.39043680771663,6.31173124552226,5.47866197892641,5.08036308204122
"mmu-mir-145a_mature",0,0,0,0.20577175415506,0,0,0,5.13384469387273,1.13439098081587,0,0,1.42470337373461,0,2.84925996175026,0,0.750153333733099,0,0,1.74844905200851,4.68926336002084,3.32046212232531,4.42697277133166,0.152635159847728,3.30196501748618,0,0.222120676728912,6.47127039252612,0,3.91723780242001
"mmu-mir-146a_mature",0,4.60084032826016,0,5.85869629366426,4.81743536603798,6.48123138432051,3.73696239318959,6.38658587872549,6.76252535826624,0,0,0,4.95251578897181,0,9.42389085133278,6.56637517204974,0,7.99123006158123,3.67805591753491,0,6.03841149830901,7.83500349894406,6.62422170979323,5.81819428404832,7.22172668768679,7.74405996143842,0,5.19540985332527,7.57215669442452
"mmu-mir-146b_mature",0,0,0,4.86068836113945,0,0,0,3.82355175978252,0,0,0,1.42470337373461,11.5105106651771,0,0.865047648227701,0,0,6.16582512385797,2.5160008364529,0,5.74653587244648,4.8296919309255,4.9551205164143,3.02059617480859,5.97815309561186,5.82679565092538,1.02294300193773,4.73096344457549,5.49567808807166
"mmu-mir-148a_mature",1.65924443129039,12.0121506988071,3.58254735746473,6.4069585651893,9.72339685663091,1.23186213403363,5.82017556314775,7.10119145160662,8.28432566228292,7.74639966327266,2.2375403738824,8.88987087310482,10.8287795886645,2.84925996175026,2.09949696147053,9.49690556912137,0,3.44776367157141,11.5060521728347,13.4809800986911,10.1000399638019,8.59517271110241,9.12811821813953,3.61285442262037,7.65265988167847,9.1928568164664,7.21012143450931,8.86856801801512,8.13366009639989
"mmu-mir-148b_mature",0,0,3.58254735746473,7.05188743502312,5.45315650273332,7.02763125829322,2.8412992763285,5.32869780473154,0,0,0,9.702499865983,3.45785300274864,0,1.40206705547773,7.84424419770739,5.8240112111539,1.27256885494026,9.6025702071845,3.74412663091143,6.71275156138269,6.99495685801419,7.26470229742714,6.05870575829998,6.30267756949922,6.34093563775137,5.15275170528038,6.0341038865395,6.54974739779396
"mmu-mir-150_mature",1.65924443129039,0,3.58254735746473,8.2439378241149,8.09920242862173,0.74360091395673,4.28539893580921,7.97484614472976,7.99768819419828,0.951089096519864,0,1.42470337373461,3.45785300274864,4.69070901087489,1.40206705547773,6.23524651881285,5.8240112111539,7.87421749989553,3.92218164989955,0,6.93456138110812,8.48122406010481,6.70360132087688,7.04102215190632,7.24321286667641,8.40820027712894,8.54325470756663,7.53286943584506,7.40245008066189
"mmu-mir-151_mature",1.65924443129039,0,0,0.20577175415506,1.17574126175389,0,0,4.68208803623303,0,0,1.51498665607667,0,0,2.84925996175026,8.69119463464711,6.95134166890065,0,5.06892925945119,1.74844905200851,0,5.2676416499364,4.49382102360186,3.86937372825164,5.07485503993919,8.0477025654704,6.48997096974762,2.49678700445852,5.89390699238375,4.55904817112416
"mmu-mir-152_mature",0,3.65910224804052,0,4.99158664542938,0,0,0,2.40345096961822,0,0,0,0,0,0,0.865047648227701,0,0,1.27256885494026,0,0,4.40384844456116,3.5265370742446,4.47272315387499,0.321524228515288,0,6.6610805194152,0,3.93298021206508,3.69715081703088
"mmu-mir-15a_mature",0,0,0,6.60625963021333,0,7.31716104447176,10.6914492827486,3.08893464697633,0,0,0,0,0,0,0,0.423293952626673,0,0,0,0,6.44536511535043,6.48617373226408,6.79487901519393,5.18785948836833,5.80980657249156,4.35574161818702,6.06720501952526,5.18527852196552,6.55106349069665
"mmu-mir-15b_mature",1.65924443129039,0,2.6982104987439,0.20577175415506,4.15961270259564,7.77356761264124,3.73696239318959,2.77903239158216,8.7119785481209,1.92599742976751,7.8425345626157,2.12736451150837,3.45785300274864,0,0.865047648227701,9.09248045780039,6.81122134149359,7.12680287067583,3.38403412549453,3.74412663091143,4.39315353509802,0.343081150849788,2.78966554389936,4.34680692074705,8.7530816519264,6.57554548274013,7.29315948946951,4.14297916586673,4.23147779500222
"mmu-mir-16-1_mature",1.65924443129039,10.1561009713383,10.0947412740418,8.44834228100039,7.44918426889014,7.30490789443988,3.73696239318959,8.07120739691045,8.82275499429629,7.77741702874684,8.26474145091987,9.5192390577713,5.35585781240189,10.6004486961433,5.4768414673591,7.80518746644584,6.81122134149359,7.61762229076671,4.13091451723347,13.5865445646955,3.41864829957616,10.4892827886465,10.4257957155224,8.98062066706969,9.11540790880827,8.93719001018966,9.19519506422271,9.23738564028493,8.99748986671611
"mmu-mir-16-2_mature",2.41061823936575,9.91665904598435,10.0654740302469,8.00313173172455,7.4240192890995,7.37104770758578,2.8412992763285,8.0985652052302,8.81128484410599,7.81975063875075,8.24720494459661,9.50926862236873,3.45785300274864,10.6844603622554,5.39471960777155,7.21574506456394,5.8240112111539,7.42899276309111,3.38403412549453,13.639371304198,9.49285501122042,4.39787232504154,4.06482420886062,8.92279620045478,9.18589529814866,4.67059674001266,9.15266265957391,9.19067022629564,8.99192819396572
"mmu-mir-17_mature",0,0,0,0,6.03819882040337,6.47030040892135,0,0.0996469291030549,0,0,0,0,0,0,0,0.423293952626673,0,5.48842892870532,2.5160008364529,0,0.108588091054656,4.28717154894525,6.54021888170859,5.97815114365813,0.291561607995924,5.80548564334447,1.02294300193773,6.08221669434468,5.80679646054396
"mmu-mir-181a-1_mature",7.81688833411948,10.7504172684027,2.6982104987439,6.53411252480045,3.56415466876534,6.55551348522523,2.8412992763285,5.47967782945909,8.42140844520041,9.10765030679495,7.61534267852236,7.84614629941361,3.45785300274864,10.3283443837632,7.84140175360336,0.423293952626673,5.8240112111539,4.38009149842533,2.5160008364529,3.74412663091143,5.20481379781488,3.34786772873171,0.152635159847728,4.6775385365479,5.75701164393865,6.24288206098547,4.77175514088746,6.4539787168295,5.61877015587777
"mmu-mir-181a-2_mature",7.87109912892631,10.8628291850001,2.6982104987439,6.65316084420165,3.29478609629407,6.65540567125045,3.73696239318959,5.47039977457479,8.38576399399863,9.1149542268689,7.55959999877805,7.93820333974657,0,10.3695354375827,8.01636005852355,0.750153333733099,0,4.05094127323283,1.74844905200851,0,5.24700155540245,3.40016543363431,5.60774306512219,4.56792027417111,5.68974522457985,6.3290372488255,4.46970563036632,6.45678907185692,5.60108970957555
"mmu-mir-181b-1_mature",0,0,0,0,3.9870709674244,0,0,2.77903239158216,7.11327077507385,0,0,0,0,0,0,5.4011963141792,0,0,0,0,3.19060628136732,0.147157014273448,3.63028864971984,2.04286372517407,0,4.19459780525673,5.487439723133,3.33055413510576,1.43832310085206
"mmu-mir-181b-2_mature",0,0,0,0,3.53310849258333,0,0,2.85229341022887,6.92743583729875,0,0,0,0,0,0,5.22825996451649,0,0,0,0,3.22719632393694,0.215464457583907,3.92342947132821,2.35592600024538,0.533990680655973,4.02796065539212,5.50393956166057,3.047027124158,4.17113198214354
"mmu-mir-182_mature",0,4.60084032826016,11.9186488639398,6.46569346191775,4.68246931015066,0,2.8412992763285,3.15991058305322,0,0,1.51498665607667,0,0,0,0.865047648227701,0.423293952626673,0,5.39442819373395,0,3.74412663091143,3.95064782128757,5.11541736766662,3.34355521201844,2.97551618378901,5.70840383920685,5.18797344919797,0,4.114786840793,5.29036052234961
"mmu-mir-183_mature",0,0,0,0,0,0,0,0,6.89882039842832,0,8.43704835319995,0,0,0,0,0,0,5.12853782379356,0,0,0.108588091054656,4.3905045635098,4.05517150347676,5.17296118699042,3.44021259702965,0,2.03427911540562,5.39615098753077,2.53310457818175
"mmu-mir-1839_mature",1.65924443129039,3.65910224804052,0,4.9846178657368,5.92316891274271,7.38275401985139,0,6.58661306944452,0,0.951089096519864,10.1570798136579,10.95280045762,3.45785300274864,11.122222284924,7.89216724955262,7.86760190881277,0,6.2487515180655,1.74844905200851,5.25546446403432,7.80651710430692,8.43966285859489,3.97553275778512,3.58311051739836,6.59109350959588,6.95811394150215,7.50059868414592,7.40338039575415,6.4116769943624
"mmu-mir-185_mature",2.41061823936575,0,0,6.87852526624031,7.69164011397524,0,0,5.91709292351275,2.19716594135947,0.951089096519864,1.51498665607667,1.42470337373461,0,3.74551836429125,7.92179065107764,9.26790877407642,5.8240112111539,7.30529942178127,1.74844905200851,0,6.35180633464889,7.74651458793027,7.43439918694039,6.35335532752751,7.96477092069435,7.67641270961231,7.63400865467559,6.74010571234468,7.67653727206018
"mmu-mir-186_mature",1.65924443129039,0,0,7.42441562527768,7.97475161128886,8.0220920179651,4.28539893580921,7.31648344228237,8.04415867651416,0.951089096519864,1.51498665607667,9.69078470830381,3.45785300274864,2.84925996175026,0,6.54018483951964,5.8240112111539,8.18617509661883,3.67805591753491,3.74412663091143,8.72416346689097,9.99249736751785,9.38085527524157,8.467118261907,8.70123719497475,8.5065570054992,9.02414847214711,8.05135917499674,8.98877512965557
"mmu-mir-18a_mature",0,0,0,0,5.84947430545482,0,0,3.00145954688033,0,0,0,0,0,0,0,0,0,0,0,0,0.209572032692,3.76171680359426,3.34355521201844,4.10662119899612,0.291561607995924,5.95619666727868,1.02294300193773,5.02409592870007,1.72621072880427
"mmu-mir-191_mature",10.5225283187424,13.7001059171419,11.9609843754124,11.1950922120531,11.2941154344046,9.49830787024316,13.5397410036719,10.1331559824083,10.0186026235726,11.913809228633,10.572388304669,11.1602983243122,9.74813487301197,12.9262418785065,11.1144820213956,12.2073526803284,8.80155397590702,12.7448197914731,11.9661996901351,13.447743395036,11.429483117221,12.3116473240705,1.83461183019302,11.1470924176204,11.4250664842934,3.80558766647708,10.9550216632037,11.4990378447483,11.8722637636909
"mmu-mir-192_mature",2.90217623649245,3.65910224804052,2.6982104987439,6.88602444817081,8.91656973197845,7.35330818782324,4.28539893580921,6.06156676383524,8.81894173453686,2.91328602601967,11.2140004529128,2.12736451150837,11.0956379895378,4.29417362545377,7.83103071945642,7.84210189698046,6.81122134149359,8.57697840958886,9.66681026777998,5.66102897176289,9.61926229088819,8.52981841939771,8.09197881559357,7.13113615235041,8.69579295354857,7.76849403075243,1.61547280015627,7.6969601897082,7.89749087659236
"mmu-mir-194-1_mature",8.1703352839157,0,2.6982104987439,0.20577175415506,4.31370577113443,0,0,3.56921184775838,1.13439098081587,0,0,1.42470337373461,0,0,0,0,0,1.27256885494026,1.74844905200851,0,5.32784721586504,5.16591825623991,5.03586287999234,4.30186265476856,4.02055374712787,4.30804799879454,0,1.24339043408182,3.29378137183264
"mmu-mir-194-2_mature",8.2745739375487,0,0,0.20577175415506,0.588455069957633,0.74360091395673,2.8412992763285,3.53401894765059,0,0,1.51498665607667,0,3.45785300274864,2.84925996175026,0.865047648227701,0.423293952626673,5.8240112111539,2.7363135712114,3.67805591753491,0,5.96448245928789,5.75474179314672,5.46194865348057,5.34232521299355,4.17163079137366,4.55276660580143,0,3.63844112166123,4.23802968822362
"mmu-mir-19a_mature",1.65924443129039,0,0,7.44993890323825,0,0,0,0,0,0,0,0,0,0,0.865047648227701,0,0,0,0,0,0.108588091054656,4.37565519027095,2.00473376191745,4.96382851994523,0,4.89701382656851,0.600298303400595,4.77215997106994,3.83318767149954
"mmu-mir-19b-1_mature",0,0,0,0,0,0,0,2.62030637311643,0,0,0,0,0,0,0,0,0,0,0,0,2.65895034948215,2.85366351900215,3.34355521201844,4.04249618887778,0,4.43558992363498,0.600298303400595,3.63844112166123,2.73187563672067
"mmu-mir-19b-2_mature",0,0,0,0,0,0,0,2.42282050036602,0,0,0,0,0,0,0,0,0,0,0,0,2.91962508649755,2.95703446112091,3.46516751815874,4.03152600638247,0,4.41322348399145,0,3.41390140536298,2.57511014143396
"mmu-mir-1a-1_mature",8.94585471320664,12.1661489582919,2.6982104987439,8.82609540587215,6.74844713948236,8.52823904766037,10.9561306558547,8.50350051945033,9.77072808964093,2.91328602601967,8.78573675263514,10.3882879484484,9.9940322802325,4.29417362545377,10.9135068258604,1.43559070712006,8.1254207332674,6.98886994810983,9.12400057773965,12.8247226599849,8.54915563461451,8.48576892281341,7.80502176011208,9.79544069461686,9.22205406891336,6.15799468548478,8.95682575731893,6.45257148369267,9.81552484928202
"mmu-mir-1a-2_mature",8.83429957436716,12.1624927313977,4.12679881015207,8.86123759348035,6.7851443897969,8.50967411766604,11.0260588377301,8.56199635148433,9.86804632214544,3.08179171088077,8.92459887867759,10.4847262758713,9.84532266023176,4.29417362545377,10.9854103165793,1.75996562544025,7.39189523083377,7.00486340412149,9.05526512563467,12.8123406498419,8.55005858087176,8.51613075684159,7.81934882095022,9.78751546618786,9.26470158441626,6.09966247424641,8.89405257068567,6.58048215410311,9.81333286442634
"mmu-mir-200b_mature",1.65924443129039,0,2.6982104987439,0,0,0,0,0,0,0,0,0,0,3.74551836429125,0,0.423293952626673,0,0,3.38403412549453,4.68926336002084,4.63927858111041,5.08378917663734,0,2.69873027950868,0,2.45787456979416,5.32977948094726,5.82161893180367,3.8758247361583
"mmu-mir-200c_mature",1.65924443129039,0,0,0.20577175415506,0.588455069957633,0,2.8412992763285,3.70988531597541,0,9.03763576965507,0,0,0,12.2688383041732,7.97927281770278,0.423293952626673,0,5.06892925945119,0,0,0.303947480133768,3.2535529705134,3.53627813765078,3.26497612734931,4.71742847942983,2.83966469181221,0.600298303400595,0.227670645842216,1.68843725327008
"mmu-mir-202_mature",0,0,0,6.20891302096937,0,0.74360091395673,0,2.53387486699503,0,1.51937240155951,0,1.42470337373461,0,0,0,0,0,0,0,0,0.108588091054656,0,2.85787924400823,0,0,4.6030370369418,1.02294300193773,3.96491724388162,4.23147779500222
"mmu-mir-203_mature",11.9249897345794,11.674993779345,11.7310167889158,6.73225901626264,7.02996290339321,9.32408580374715,11.3254893954215,6.55514234790263,10.9816974931371,9.36208724107178,11.9628606037618,10.9003599955752,14.1523696000544,10.2787528891407,9.29776658164269,8.69681717407172,14.2288447639713,9.21840269148686,11.24358510781,11.8371964664151,3.7473268362339,5.85717970528909,5.41366375723402,5.30636959118148,6.6143651660073,6.10664877057437,6.659779313747,6.91480349278568,6.4960942481386
"mmu-mir-205_mature",1.65924443129039,0,0,6.33754929982009,5.4940354728895,0,0,0,0,0,0,1.42470337373461,7.64932376349624,0,7.54408626358232,8.13241413009917,0,0,0,0,0.108588091054656,5.06076541157919,4.56403644767896,4.34680692074705,5.08418199831672,6.48997096974762,0,3.81528100761442,4.68906562157401
"mmu-mir-20a_mature",0,0,0,4.62109547752556,6.93220748480563,0,3.73696239318959,3.44208697966123,0,0,0,0,0,0,0,0,0,1.27256885494026,1.74844905200851,0,6.94649750753645,7.81622314190024,8.59874896746478,6.74451268769687,4.9337285158237,8.41173022615916,4.7987535428644,6.99432738863774,7.74656203652459
"mmu-mir-214_mature",0,0,0,0,0,5.74414171542807,0,3.79410555145199,0,0,0,0,0,0,0,0,0,0,0,3.74412663091143,4.19188907032476,5.54012903100612,4.6240294366585,0,1.88267157636652,6.0315487902254,0,5.15790856351095,6.01759057216841
"mmu-mir-215_mature",1.65924443129039,3.65910224804052,3.58254735746473,4.43935201835761,5.44483985037342,8.39007208251684,0,2.86650953515331,1.13439098081587,0.951089096519864,1.51498665607667,0,3.45785300274864,10.8341976817262,9.17193054392397,9.55233817815511,0,9.25563941938128,3.38403412549453,0,8.63279164491436,9.15327164642253,4.00591477943626,3.88075965599332,7.64299316921289,4.88080432070504,5.59916185271196,5.51955744776491,0.118363501921814
"mmu-mir-21a_mature",10.206654601199,12.7027339273219,13.4001775685357,11.8639303817786,12.5765642419036,10.5663051302219,14.1269026273237,10.2040527536584,12.3216738715786,12.0246060242684,10.9792440888606,10.6405247280126,11.9167544686502,11.3102601596083,11.6000283495992,12.9262329285734,15.3795514966127,11.4337310813492,11.3685982512046,13.4087966652195,11.8401614317751,12.2549300802661,11.8690299919716,10.6533997068625,11.930995868445,12.9522629634993,11.4543708016903,12.0004589257716,12.3174312874106
"mmu-mir-22_mature",9.03759660333152,4.60084032826016,9.59821060844085,8.17673757477715,7.95145767107241,7.47313450587574,5.24792414399432,3.07675827081997,7.0100265637929,7.65582614575358,1.51498665607667,6.13069024070019,11.2865534644272,2.84925996175026,8.28683741420405,0.423293952626673,5.8240112111539,8.10688866637192,1.74844905200851,5.25546446403432,0.209572032692,3.24540786127643,7.97334919211096,3.76631224853455,0.291561607995924,3.62274199110661,6.89062714220767,7.75918504489945,0.118363501921814
"mmu-mir-221_mature",0,0,0,0,0,0,0,4.83087899327486,1.13439098081587,0,0,0,0,0,0,0,0,0,0,0,0.39252649629121,0.075453973273781,5.24984502561581,0.169700645193512,3.02978169216712,0.222120676728912,0.600298303400595,3.40228542345535,6.27499847644478
"mmu-mir-222_mature",0,3.65910224804052,0,0,0,0,0,0,0,0,0,1.42470337373461,0,0,7.92666928267064,0,0,0,1.74844905200851,0,4.90698763126636,1.44263122184658,3.53627813765078,1.52224458352704,2.39377965188089,3.82265957952885,3.56518648760588,0.118321737653145,1.90152956228165
"mmu-mir-223_mature",1.65924443129039,0,10.5714872626101,7.45372874592999,4.73797983904257,6.59630402729359,2.8412992763285,3.83082035258888,1.13439098081587,0,0,0,12.5371801219287,0,0,8.11299982791913,0,7.27923523517017,3.92218164989955,3.74412663091143,5.10676092860838,0.669587442928405,3.08356515930494,3.26497612734931,6.26955496764636,7.51249243844868,1.02294300193773,7.67359570975982,4.01965794921168
"mmu-mir-224_mature",0,0,0,0,0,0,0,2.77903239158216,0,0,0,0,0,0,0,0,0,5.65983825846117,0,0,5.19868499122176,0.147157014273448,3.27867543297867,3.44110894037545,0,0.414561912619869,0,3.94903710018183,4.88964154361658
"mmu-mir-23a_mature",8.82746095427274,12.6670524912425,10.3527182072878,10.5984570715948,0,10.7253181155923,0,0,0,0,0,0,10.9429763701124,0,0,0,14.3568065477134,0,11.6336863147055,13.910774105624,0,0,0,4.35563016609434,4.38769563300905,0,10.7571670976942,0,0
"mmu-mir-24-1_mature",3.26814129609474,0,10.1722930615595,6.25886641371359,6.28644246064392,0,9.53332627646033,3.12485904435511,7.68221680759238,9.41630224094881,8.34112008870086,2.12736451150837,0,0,0.865047648227701,8.07519461918241,5.8240112111539,5.81302771597918,2.5160008364529,4.68926336002084,7.0598777186321,7.92763311484104,7.6045350772557,6.6704247007875,6.86499872090832,8.52297003622883,8.24994606588309,7.02967528514936,7.76992191871887
"mmu-mir-24-2_mature",1.65924443129039,0,2.6982104987439,6.29311441562195,6.43659609327441,7.51628649933676,9.49685032166211,3.53401894765059,7.79521409421781,9.46284035804023,8.65884598764149,0,4.39066359160207,2.84925996175026,0.865047648227701,7.130541770284,5.8240112111539,1.27256885494026,0,3.74412663091143,5.3910259339779,6.3979883664393,6.61931714109254,5.73610967636796,5.17641901454288,6.84777895218138,8.3785432275548,3.47061850111196,5.98290389238618
"mmu-mir-25_mature",1.65924443129039,0,4.12679881015207,7.0164519927856,9.28073090499383,8.73188238189748,4.28539893580921,9.12800068316463,9.89727250504337,1.51937240155951,3.07584875396223,3.23618107076229,4.95251578897181,4.69070901087489,9.79992495411308,0.423293952626673,6.81122134149359,7.54291330818148,10.3870522030747,4.68926336002084,4.02180378262582,9.50842721849012,9.74439312622785,7.73608126635842,7.40256249423278,0.222120676728912,8.67294741351192,8.45815732932774,8.46113838603607
"mmu-mir-26a-1_mature",6.73832227866933,11.7254276398922,9.3416650629607,7.54300695735489,7.49823445668803,2.33516835661474,9.31325751541847,7.32036168520081,7.52257827524367,9.11008905773839,9.04112030487197,9.16430764052388,12.4184871638514,10.3695354375827,3.9805003418913,10.057392927882,12.7527224335819,8.73394430502126,10.5683948604169,6.23645586823837,8.0391077013319,7.96127984007481,7.25419433908521,7.95943734283681,8.23951323426212,8.71634868225656,8.69826047288677,7.47582506147417,8.00703856575788
"mmu-mir-26a-2_mature",6.92927729794691,11.6227327814178,9.5672241761221,7.46127869461735,7.50624977120799,2.12821047886961,9.15059006876369,7.31259474579036,7.59571739055789,9.13903697339929,9.11065208554361,9.2060559729936,11.5874469584949,10.271527155807,4.53467143024126,10.0698045391564,12.8645997138141,8.60872142688125,10.4924367636373,3.74412663091143,7.88064885634326,7.97088312872397,7.25630206250289,8.06676534485127,8.22554773102632,8.6921689461905,8.62283835217406,7.52083409101794,7.97111128128162
"mmu-mir-26b_mature",2.90217623649245,0,4.52104171480214,6.64213140017229,7.50024246400356,1.23186213403363,11.8656653807858,7.10494361803938,0,7.14906695878921,3.07584875396223,8.78358357909256,4.39066359160207,2.84925996175026,8.73357028115018,8.55229406550446,6.81122134149359,6.42550656057977,10.8056298191475,4.68926336002084,7.56823523617796,8.14872395924277,8.50834914635733,8.08876100756906,7.66385645364019,8.14276168462645,7.20508475239387,8.30048253357168,7.87402084050051
"mmu-mir-28a_mature",0,0,0,7.14702448586487,0.324024650869716,0.74360091395673,11.2832778578564,0,0,0.951089096519864,0,0,0,0,1.40206705547773,0.423293952626673,0,1.27256885494026,2.5160008364529,0,2.15042723355096,0.075453973273781,1.41898337872857,0.169700645193512,0.741482716314615,0.414561912619869,1.34941623673806,0.118321737653145,3.5469382968628
"mmu-mir-296_mature",0,0,0,0,0,0,0,0,0,0,0,0,0,0,0,0,0,0,0,0,4.67061431276527,5.15508918683099,2.08281918389086,3.42443236080788,0.291561607995924,0,0,3.16170097948009,3.57825809053129
"mmu-mir-29a_mature",8.82058976350307,12.3315689910595,9.02941586241404,8.88575839215493,9.08256569938844,8.98132069844821,4.68182071428361,7.43031752729188,8.39603830253448,9.27565624998255,7.55959999877805,8.72160590728281,5.35585781240189,4.29417362545377,9.26924327434284,10.1917480784236,15.6886086656035,8.8491608523496,8.19788741362114,3.74412663091143,9.39289208686148,10.0245324643135,9.19062179829297,8.83403431590429,9.73519842964615,9.9276036671141,8.70541194288428,9.02941586241404,9.39658950262051
"mmu-mir-29b-1_mature",0,0,0,4.87583307445042,0.324024650869716,0,0,2.68590677772235,0,0,0,0,0,0,0,7.61753989622568,0,1.27256885494026,0,0,4.9944964177218,5.70512086624514,3.91277914071183,2.52189308092826,2.7704220005519,4.07145883079741,1.02294300193773,5.3363663579864,5.41702163597144
"mmu-mir-29b-2_mature",0,0,0,5.05283568002607,0,0,0,2.76392293981432,0,0,0,0,0,0,0,7.57173076624855,0,0,0,0,5.06019604488276,5.80409966571188,3.90204960162923,2.52189308092826,2.81701721042372,3.96784462444872,0,5.39321986995331,5.31535935527089
"mmu-mir-3068_mature",0,0,0,0,0,0,0,0,0,0,0,0,0,0,0,0,0,0,0,0,4.68383832253263,4.64698414828846,2.04430470209034,0.584289327277419,2.98966524024841,3.41331275120763,0,0.329312214003105,5.09487375303134
"mmu-mir-30a_mature",2.41061823936575,5.16584733517173,0,0.385824454414774,5.89291896319347,7.42299389114834,3.73696239318959,5.86670975275836,9.70613437595652,8.89784276259289,1.51498665607667,8.90515954580835,3.45785300274864,2.84925996175026,6.60145553973673,1.60687556720688,5.8240112111539,1.93803249556683,2.5160008364529,6.45611221474309,7.96386073949282,5.2538094580474,5.40228779337803,6.4938569664135,5.83832320602766,6.29580147071584,6.56860159160844,3.03203013074008,4.22489601104235
"mmu-mir-30b_mature",2.41061823936575,0,0,5.20449023992037,0,0,0,0,0,0,0,0,0,0,7.44555590977864,0,0,6.5175665620096,3.01434009686776,3.74412663091143,5.95360498259668,6.95055561355929,6.28751341646939,6.20502122544691,4.17163079137366,6.75744769946676,1.02294300193773,6.04721598364849,6.09722608879903
"mmu-mir-30c-1_mature",1.65924443129039,3.65910224804052,0,5.3362442532919,5.83681740166466,6.23224768337057,9.74511059759318,6.70802464412761,1.13439098081587,8.01977334506743,8.12770692287224,8.61406774487456,4.39066359160207,2.84925996175026,8.65930848725553,7.90502624106293,7.39189523083377,7.48707719215715,4.75273189221204,10.3337890000124,0.108588091054656,9.13864100762104,8.39191218661522,8.61131375376537,8.37122576611096,8.79738260855904,8.38968485421915,8.1198946338529,7.84534331779668
"mmu-mir-30c-2_mature",0,4.60084032826016,2.6982104987439,5.3740666235911,5.80468064689393,6.21924834138824,10.0437074061101,6.72079642800211,1.13439098081587,7.89521913524396,8.22049390909687,8.71004549329341,4.39066359160207,3.74551836429125,8.62370050997027,7.89885588162038,0,7.58607666279473,1.74844905200851,10.3198606621899,8.39486898513427,9.11620367140118,8.37455311919518,8.65931728323176,0.291561607995924,8.73731921467469,8.46956266249305,8.12166660585282,7.85389994999174
"mmu-mir-30d_mature",8.82746095427274,5.57080261401937,5.08490550475622,7.59312082695572,8.38001830237355,7.46764861031292,5.82017556314775,8.24177227109568,7.81065762633719,10.5253223461938,4.2912807463104,10.2434386360726,4.95251578897181,11.9582780331509,9.88133669042826,9.97718123052999,8.80155397590702,9.82299901006272,6.86590162077145,13.5952435545667,8.22811485577629,8.77125772733525,8.85769664065046,9.0454481310981,9.65450730448976,9.64705579211476,9.58656330667656,8.40458178289487,8.44883521182581
"mmu-mir-30e_mature",0,0,2.6982104987439,5.87386182357476,4.84297698529648,5.32597225072409,3.73696239318959,6.37544516649302,3.2275579674717,7.93977239821286,8.40577566620596,1.42470337373461,3.45785300274864,2.84925996175026,0.865047648227701,0.750153333733099,0,2.3916964552191,3.92218164989955,3.74412663091143,6.40999328859317,6.83792640142237,4.31988249677948,4.65627109155033,4.35648920100572,4.02796065539212,6.93996795735816,4.135982564779,3.81577365117738
"mmu-mir-320_mature",9.05526512563467,4.60084032826016,10.6226189891084,7.39580843987876,10.4442911237764,10.7253181155923,5.65343884684039,10.2390472561687,2.19716594135947,9.00131166371314,9.87254063795882,8.90008130239384,6.14803502026851,5.00142085937267,9.2303131975404,9.38584335483949,8.80155397590702,10.7564149597372,9.05526512563467,6.64670182590739,10.3968464349805,10.6623441615359,10.7919387705298,9.83126718855809,8.3286438300055,10.1575492871046,10.3803240752534,9.71613106062849,9.9960778406253
"mmu-mir-322_mature",0,11.1257344673304,0,7.0994338534921,0.588455069957633,0,0,5.23592787817701,8.74048024011338,0,0,1.42470337373461,0,3.74551836429125,0.865047648227701,7.24198062078576,0,7.08227457791587,0,3.74412663091143,6.97636068811632,6.73478899801131,3.00552121434281,0.169700645193512,4.57557674683023,4.63237942272401,6.13233048007265,5.83464169605242,6.64032855158435
"mmu-mir-326_mature",0,0,0,0,5.60269361749345,0,0,0,0,0,0,1.42470337373461,0,0,0,2.44170000231507,0,5.34502658882791,0,0,0,0,0,0,3.44021259702965,4.71698728207317,0,0,4.10098075549277
"mmu-mir-328_mature",4.19125351070126,0,2.6982104987439,8.79556127772146,9.90146566600783,6.41436758246595,12.4369249212645,8.10119752913724,7.71541484246971,7.69534161968372,9.45801605346163,2.12736451150837,4.95251578897181,10.1895596776027,2.56764253228718,10.3258086429701,5.8240112111539,12.4695741396096,3.92218164989955,5.25546446403432,9.35378209195196,9.81442849116006,9.74270278928485,9.72270892771756,8.56369213910164,10.238492127167,8.74932294530078,8.95484012438693,9.79858772829031
"mmu-mir-330_mature",0,0,0,0,5.21962430504728,0,0,0,0,0,9.53591059855666,0,3.45785300274864,0,0,0,0,0,0,0,4.82182354784102,0.075453973273781,0.832838246948161,3.85609996492108,5.94181974707544,3.27131221472483,0,4.76764024348533,3.10597182557719
"mmu-mir-335_mature",0,0,3.58254735746473,6.28746257694679,0.324024650869716,6.32010409661997,0,2.51594935679701,1.13439098081587,0,0,0,0,0,9.24990954443526,7.26774758937745,0,1.27256885494026,2.5160008364529,3.74412663091143,4.49669403349051,5.08835016379593,6.20261961382086,6.65442444315773,0.291561607995924,0.414561912619869,6.28333787600809,5.72234795462087,3.74393627142792
"mmu-mir-339_mature",0,0,0,0,4.6393882083833,0.74360091395673,0,3.87367926424188,0,0,0,0,0,0,0,0,0,0,1.74844905200851,0,0.108588091054656,3.37798385675372,2.56323442261798,2.52189308092826,0,4.6611369021065,4.21295992083648,3.78876010172786,4.59010896706337
"mmu-mir-340_mature",9.01970901094404,0,0,7.87332515628814,5.06542162278071,1.23186213403363,0,6.22219665343607,1.13439098081587,0,2.2375403738824,2.12736451150837,3.45785300274864,0,0.865047648227701,7.19239094163357,5.8240112111539,6.19400021332308,9.08064035291034,3.74412663091143,7.7047772693608,7.94376824735451,1.96404676715408,6.24118021130655,0.291561607995924,4.77952567998212,6.85248157195236,7.06417778447423,0.118363501921814
"mmu-mir-342_mature",0,0,0,0,5.39390726218424,6.35617848944769,0,0.280402400482748,0,0,0,0,0,2.84925996175026,0.865047648227701,7.6595080241719,5.8240112111539,0,1.74844905200851,0,5.58441253356699,4.52106661910494,6.24144114161396,3.32010980521701,5.81555517081272,6.39043680771663,0,0.118321737653145,6.77932692419422
"mmu-mir-351_mature",0,0,0,7.13605959830502,0,0,0,0.0996469291030549,0,0,0,0,0,0,0,6.47531733272379,0,0,1.74844905200851,0,0.108588091054656,5.18307745188588,4.06482420886062,4.64911169833545,4.85775965877105,3.62274199110661,4.97479405988066,4.19776301572296,3.5678935237066
"mmu-mir-361_mature",0,0,0,0,0,6.36800558162219,0,4.45162458514141,0,0,0,0,0,2.84925996175026,0,0,0,0,1.74844905200851,0,0.39252649629121,0.075453973273781,0.152635159847728,0.321524228515288,0.291561607995924,0.584328350329946,1.02294300193773,2.95461360524445,4.68906562157401
"mmu-mir-374b_mature",0,0,0,0,0,0,0,3.08893464697633,0,0,0,0,0,0,0,0,0,6.92306186463327,1.74844905200851,0,3.60628531770071,4.88840859756214,4.48715305764694,5.36871580975278,0,5.59804882257472,0,2.82139810331259,3.68760886551639
"mmu-mir-375_mature",1.65924443129039,0,0,0,5.12909378330154,0,2.8412992763285,3.83082035258888,7.49416603614999,0,0,0,0,2.84925996175026,0,0,0,0,0,0,0,0,0,0.169700645193512,4.80093763731725,3.90511427159724,0,3.47061850111196,4.5485441670867
"mmu-mir-378a_mature",1.65924443129039,3.65910224804052,0,5.18638260381409,0.588455069957633,6.41436758246595,4.28539893580921,0,0,1.51937240155951,0,0,4.39066359160207,2.84925996175026,0,0.423293952626673,0,6.07783984071922,10.0050457544249,3.74412663091143,0,0,0,0,6.72234824441301,0,0,0,0
"mmu-mir-379_mature",0,0,0,0.20577175415506,0,5.89889585566024,0,0,0,0,0,0,0,2.84925996175026,0.865047648227701,0,0,6.8001396652762,1.74844905200851,0,4.03562332167066,0.460320933086435,0.532458652238635,0.169700645193512,0.291561607995924,3.6421052572259,1.61547280015627,0.424261757936714,0.424396888533908
"mmu-mir-382_mature",0,3.65910224804052,0,0,5.41959830871786,6.37973650414975,0,3.9689935024519,0,0,10.0724808840219,0,0,0,0,0,0,0,0,0,0.303947480133768,0.460320933086435,0.290655622943568,3.42443236080788,0.533990680655973,0.222120676728912,0.600298303400595,0.329312214003105,0.32942045746341
"mmu-mir-409_mature",0,0,0,0,0,0,0,4.10710550762307,1.13439098081587,0,0,0,0,0,0,0,0,0,0,0,0.209572032692,3.69150580178653,0.152635159847728,0.169700645193512,1.79227587031468,0.736204580240268,2.62300061229999,1.07801434611667,0.891441282738594
"mmu-mir-421_mature",0,0,0,0,0,0,10.7021692269271,3.4609480011058,0,0,0,0,0,0,0,0,0,0,0,0,5.09030260875514,3.93884193883193,3.93400175439163,4.03152600638247,5.65810104868307,5.05704753621617,0,5.32410628335725,5.25203081097289
"mmu-mir-423_mature",10.0032263262107,3.65910224804052,4.83034764603984,7.02156779877987,7.84012940006947,7.38275401985139,2.8412992763285,5.36419749529231,6.83982834526216,9.79235380287378,2.2375403738824,1.42470337373461,3.45785300274864,11.0979176252388,3.54574573295003,6.53488923146284,8.60937072061639,7.74687001095454,3.38403412549453,6.45611221474309,6.22637489668586,6.65786186882489,7.16501411093689,7.06811552754913,5.8991436073906,7.60913125116038,5.73115689924382,6.48459556614199,6.81262916493855
"mmu-mir-425_mature",0,3.65910224804052,2.6982104987439,7.49477288597476,6.745064271055,0,0,5.64136280194174,0,0,0,0,11.1152578873823,0,6.85793093620608,0.423293952626673,0,1.93803249556683,2.5160008364529,0,6.31403334384854,8.34349561733308,4.17588350370673,7.00782384257497,7.68285069988869,3.47939394781151,1.61547280015627,2.83873843469661,7.83241245521382
"mmu-mir-434_mature",1.65924443129039,0,0,0,5.24858127209414,0.74360091395673,0,5.64136280194174,6.80940237214962,0,0,0,0,0,0.865047648227701,5.89843950320507,0,1.93803249556683,1.74844905200851,0,4.67503579789764,5.63358959242693,5.09358593521969,6.91536834301291,0,0,0,4.36267709869231,4.86868368191856
"mmu-mir-451a_mature",10.430753915583,13.8267832290014,12.7342958556741,12.0300956138836,12.1202807425013,13.3126334433082,15.0076954590291,12.4726895744259,12.6919085923513,11.5466024222037,12.0639828568525,11.9845772889418,12.8478642377322,11.6730957395207,12.0502111787296,12.367757864373,15.2902061732043,11.7776867400509,13.9216376694373,8.72311180107674,14.3172908835961,14.1318464336514,14.7031125621962,13.3724588917145,13.0942087688108,13.2738091903594,13.1877885299446,13.3043311408888,13.5004827229476
"mmu-mir-451a_stemloop",0,0,0,0,0,0,0,2.4977983166817,0,0,0,0,0,0,0,0,0,0,0,0,4.30461421533545,4.96728842464017,5.46923573014058,5.14269493389626,0,0,0,4.88496189243916,3.67800338333254
"mmu-mir-455_mature",0,0,2.6982104987439,0,0,0,0,4.23861872779693,0,0,0,0,3.45785300274864,0,0,0.423293952626673,0,1.27256885494026,0,0,0.895223584217113,0,2.81276366950812,2.97551618378901,0,0,0,4.91388287970603,2.82185339940027
"mmu-mir-484_mature",9.77346366679666,5.57080261401937,0,6.52213039723886,8.7761290039161,7.35924563040716,0,7.95585752181219,2.53132778248423,1.51937240155951,9.46940466471857,1.42470337373461,0,3.74551836429125,8.88662604058644,7.5055930114905,6.81122134149359,9.59635530309418,3.01434009686776,4.68926336002084,8.69751736934018,9.0336234715716,9.22034686959534,9.1725966826591,7.21304180942664,8.75687952650971,5.50393956166057,8.73168958256469,8.83384715500829
"mmu-mir-485_mature",9.84969289565716,0,0,0,0.324024650869716,0,0,3.08893464697633,0,0,0,0,0,0,0,0,0,0,0,0,0.209572032692,0.147157014273448,0.152635159847728,2.72620514815974,0.291561607995924,0.414561912619869,1.02294300193773,0.513346304884364,0.227748076367745
"mmu-mir-486a_mature",0,0,0,7.08647333744036,7.13708239181576,8.47181181794916,2.8412992763285,0,0,0,0,1.42470337373461,0,12.2633849814239,0.865047648227701,7.44759381325858,0,0,0,3.74412663091143,0,8.58330626620666,0,7.71908830765005,5.63227626905605,7.42856030443097,5.62955538000703,0,0
"mmu-mir-494_mature",0,0,0,0,0,0.74360091395673,0,3.26022803000729,0,0,0,0,0,0,0,0,0,0,0,0,0.700777437218518,3.01567891878744,3.53627813765078,0.998990122007129,0.922850635072351,1.32078642340896,1.61547280015627,0.956194663438445,0.424396888533908
"mmu-mir-501_mature",0,0,0,0,0,6.30787602327083,0,4.68610127932322,0,0,0,0,0,0,0,0,0,6.42550656057977,0,0,3.76402563440221,6.26933308894229,4.33591610439486,0,5.62574719189465,5.98681139125265,0.600298303400595,3.47061850111196,2.85632988597887
"mmu-mir-503_mature",0,0,0,0.20577175415506,0,0,0,2.85229341022887,0,0,0,0,0,11.1735184441241,0,0,0,6.74407387555937,0,3.74412663091143,3.79685433061433,4.90142647241429,5.35979124285706,4.35563016609434,6.65340634664628,5.58809943391713,0,5.37847428391479,5.93733269057063
"mmu-mir-5108_mature",0,0,0,0,0,6.47030040892135,11.068103016955,0,0,0,0,0,9.87631618676987,0,0,0,0,0,0,0,0,0,0,2.67072200119352,0,0,5.36633410779444,2.51119677226362,0
"mmu-mir-5113_mature",0,0,0,0,0,7.37104770758578,0,5.01444034073269,0,0.951089096519864,0,0,0,0,0.865047648227701,0,0,5.1857809227838,0,0,2.88950264958194,5.99472883747239,4.72488743450124,4.81183261506249,3.24954357522169,5.7123785062121,7.36717481595804,2.1984311442591,4.10098075549277
"mmu-mir-5126_mature",0,0,0,0,0.324024650869716,0,0,3.4609480011058,0,0,0,0,0,0,0,0,0,6.93979743877718,0,0,4.02873009921154,0.075453973273781,3.22802609380475,0,4.24162305899909,0,0,0,3.52567420233628
"mmu-mir-532_mature",0,0,0,0,4.5335615176682,0,0,0,0,0,0,0,0,0,8.53702934157759,0,0,0,1.74844905200851,0,0.108588091054656,5.34429951453989,3.83594058822833,3.77948628837696,0,1.41384823854361,1.84002003603305,4.51065888831662,1.01865845124643
"mmu-mir-541_mature",0,0,0,0.20577175415506,3.96397668407524,0,0,3.43256318863516,0,0,0,0,0,0,0,0.423293952626673,0,0,0,3.74412663091143,3.92859819793178,0.075453973273781,3.46516751815874,4.27420829314851,5.63227626905605,0,0,0,4.10098075549277
"mmu-mir-542_mature",1.65924443129039,0,0,0,5.03249977049254,0,0,0,7.15015883455249,0,1.51498665607667,0,0,0,0,0,0,0,0,0,0,4.37938188704981,0,3.10673839508254,4.56196181912542,0,0.600298303400595,2.39878018061097,0
"mmu-mir-543_mature",0,0,0,0,0,0,0,0,0,0,0,0,0,0,0,0,0,0,1.74844905200851,0,4.13525425229377,0.40289164234237,0.532458652238635,0.584289327277419,1.08394316042292,1.1144526820401,0,5.54090343403128,3.43733784473308
"mmu-mir-574_mature",0,0,0,0,0,0,2.8412992763285,3.9821099666954,0,0,0,0,0,0,0,6.65202538289623,0,6.30150072146246,2.5160008364529,0,6.30264874248026,6.18773457338842,6.57271875265607,5.91985382387855,6.56744030238759,7.79792650826363,3.28872915790378,6.26006715417707,6.52718814784345
"mmu-mir-6236_unannotated",10.9903288060375,9.75125450933354,11.1647843901384,8.06059287860899,12.2058224312737,9.63673036729585,12.132603370217,6.24141486478431,10.2243137325138,9.86634896089738,10.4778156648086,9.75125450933354,12.3006170979229,8.82674026855004,9.75125450933354,9.35612561904771,8.80155397590702,14.0117192563476,8.2208930373097,13.2470892126982,6.31969213147867,7.36518213266535,5.88612489408884,9.14931681163102,7.87127043779214,8.2617633486655,9.34695201774733,7.17839989597874,7.37373065774912
"mmu-mir-652_mature",0,0,0,0.385824454414774,4.34978805091765,0,0,0,0,0,0,1.42470337373461,0,0,0,7.58203701372856,0,0,1.74844905200851,0,4.48162879938064,5.777515116644,5.01609696705168,3.02059617480859,5.57242275362301,6.29274172236785,5.43677682854963,0,3.18947192951351
"mmu-mir-6538_mature",0,0,0,0.20577175415506,0,0,0,0,7.53192602376295,0,0,0,0,0,0,0,0,0,0,0,0.895223584217113,4.69860941647105,0,2.67072200119352,0,0,0,3.28067199032852,5.3091501399348
"mmu-mir-664_mature",0,0,0,0,6.0102897060668,0,2.8412992763285,3.5864915130163,0,0,0,0,0,0,0,0,0,0,0,0,5.49721295133859,2.8101480663614,4.25390442492345,4.23649139136862,5.44470807016509,4.56296180220386,0.600298303400595,4.32009865826402,0
"mmu-mir-674_mature",0,0,0,4.829913478879,5.29558759577411,6.63597290483433,0,4.01438870616848,0,0.951089096519864,0,0,0,0,7.67741772464182,6.2928512137024,0,0,8.70982471822603,0,4.19804675354635,5.71989325379379,1.41898337872857,5.65265570113311,5.29638083021851,7.54371496783381,6.29286455692256,5.74781339449739,3.85039400069341
"mmu-mir-744_mature",0,0,0,0,0,0,0,3.0520928061828,0,0,0,0,3.45785300274864,0,0,0,5.8240112111539,0,0,0,2.91962508649755,5.68418206165668,3.06444639255515,0.169700645193512,0,5.82679565092538,0,0,0.956451667676767
"mmu-mir-7a-1_mature",0,0,0,4.94925991385285,6.18023279046212,0.74360091395673,0,6.19005730416913,8.2676364146475,1.51937240155951,0,7.18858881002443,0,0,0,0.423293952626673,12.1909430838301,5.95150117613174,1.74844905200851,0,6.58348119948787,2.93694432646561,6.64206381021188,6.08547211106699,0.291561607995924,4.29587409858583,6.59963885517091,6.22092754553122,6.53519057763728
"mmu-mir-7a-2_mature",1.65924443129039,0,0,4.86828059043621,6.18523397208344,0,0,6.2318377597155,8.35449461742238,0.951089096519864,0,6.89386586092009,3.45785300274864,2.84925996175026,0,0,11.9279703880185,5.29387318189865,1.74844905200851,0,6.58583126384602,7.20588464852274,6.65809461946802,5.9980111281217,6.48687372670744,6.34979547101306,6.75934548372019,6.33834909405751,0.118363501921814
"mmu-mir-802_mature",0,0,0,0,0,0,0,3.68603644836982,0,0,0,0,0,0,0,0,0,0,2.5160008364529,3.74412663091143,2.09870497783798,0,2.61671257792946,0,5.92063947101903,3.08578359983039,0,4.53745564713982,3.0623366376498
"mmu-mir-8114_mature",0,0,0,0,0.324024650869716,0,0,3.70197941712627,0,0,1.51498665607667,0,0,0,0,0,0,0,0,0,3.36492732426001,6.91569280773573,5.62088961710567,0,6.26536065695356,3.34405886885408,7.23009414453993,2.6551750047813,4.66980985867498
"mmu-mir-92a-1_mature",10.4531403575709,7.71692475534524,10.0204288820401,11.263712718247,11.577810970782,10.4269707019252,12.1542345017637,12.0542355914827,9.80003879811102,10.0233820430259,11.3434248451533,9.81739501257875,8.45359559825203,13.3711184006277,10.4586490878979,10.6819820538404,9.607522542339,11.9236435430768,12.2070213922573,12.521219662238,11.813869662849,11.4207327755193,12.4564873595441,11.3362988707248,10.6191032081748,12.0558633017469,11.3340866695208,11.3379826233983,11.3490490432732
"mmu-mir-92a-2_mature",8.23377773515455,4.60084032826016,10.2908388479294,8.08848740079701,8.03555202666493,8.64948522101506,11.3832508207606,9.14431910364732,7.46518299008647,6.36106382255871,9.01545238903824,2.5978359955566,4.95251578897181,3.74551836429125,7.67161717836858,6.92324409947783,6.81122134149359,9.64309003249984,5.27647977060967,5.66102897176289,8.904428455281,9.83365659175482,9.97624802261739,8.83994134186802,8.9786303659388,8.9099919427048,8.79193682105984,8.46270820089744,8.71910631125191
"mmu-mir-92b_mature",0,0,0,0,0,0,0,0.0996469291030549,0,0,0,0,0,0,0,0,12.4709965508111,0,0,0,0.700777437218518,5.24157666876702,0.639686030203095,0.699662951667058,0.922850635072351,0.99904866985247,1.02294300193773,3.03203013074008,0.424396888533908
"mmu-mir-93_mature",0,4.60084032826016,2.6982104987439,6.91563734013805,7.69690241412523,8.37842523983421,10.9958814390506,8.62606753619913,2.19716594135947,8.03011264216247,1.51498665607667,9.82812952769222,3.45785300274864,2.84925996175026,6.85793093620608,7.3574746687265,0,8.03861184480774,3.01434009686776,3.74412663091143,0.108588091054656,3.36300437524578,4.52959649486658,9.09469838402366,0.291561607995924,2.83966469181221,5.91512527886048,3.96491724388162,9.26423239478207
"mmu-mir-98_mature",0,12.6798974042572,11.1988775620272,7.70121999904412,6.41547101540968,5.68863443807315,2.8412992763285,5.70405600187775,1.76150547019244,0.951089096519864,2.2375403738824,0,10.8678581994284,0,0,0.423293952626673,14.2862293159138,1.27256885494026,2.5160008364529,0,6.25913801608638,7.19376606868964,7.48829663772335,4.32000872189888,5.48133317000141,5.55272608529491,0.600298303400595,3.62850515365051,6.63040195800568
"mmu-mir-99a_mature",2.41061823936575,4.60084032826016,3.58254735746473,7.76361550047285,6.08175993372749,8.84621803687167,2.8412992763285,7.56171892895674,1.76150547019244,1.51937240155951,8.0888541025347,8.97926312822881,0,2.84925996175026,0.865047648227701,8.72499266508286,5.8240112111539,2.7363135712114,3.92218164989955,5.25546446403432,8.78882947841904,9.2335734402422,8.58414016331776,8.36485424735024,8.167169628996,7.89393240901113,7.83974082662341,6.98169935363939,8.01469037371458
"mmu-mir-99b_mature",0,11.056503557646,9.17354280562727,7.16716935852283,6.01591488851967,1.23186213403363,0,2.47941599924928,1.13439098081587,7.675719169788,10.0062600095727,9.45835590413311,3.45785300274864,2.84925996175026,8.13070409009338,6.55595602364646,7.8047836342437,6.58295050082907,4.47506832027503,0,6.07065023458217,0.147157014273448,6.63398110830116,6.78426748241085,0.291561607995924,4.62266478605943,1.02294300193773,3.69666140125669,6.77932692419422
